state,gender,year,name,number,created_date,state_full_name
AK,F,1910-01-01,Anna,10,11/28/2016,Alaska
AK,F,1910-01-01,Mary,14,11/28/2016,Alaska
AK,F,1910-01-01,Helen,7,11/28/2016,Alaska
AK,F,1910-01-01,Dorothy,5,11/28/2016,Alaska
AK,F,1910-01-01,Lucy,6,11/28/2016,Alaska
AK,M,1910-01-01,George,5,11/28/2016,Alaska
AK,M,1910-01-01,Paul,6,11/28/2016,Alaska
AK,M,1910-01-01,William,5,11/28/2016,Alaska
AK,M,1910-01-01,James,7,11/28/2016,Alaska
